segment,plp,vRNA_sequence ,start,end,PLP_sequence,5' Arm ,3' Arm,Junction position (nt)
HA,1,GAUCGCCAGAAUCUGAUAGAUCCCCAUUGAUUCCAAUUUC,148,187,ATCTATCAGATTCTGGCGATCtatactactaCCGTCTATTTAGTGGAGCCGCTGGGtactactactGAAATTGGAATCAATGGGG,ATCTATCAGATTCTGGCGATC,GAAATTGGAATCAATGGGG,168-169
HA,2,UCAUUGUCACACUUGUGGUAGAACUCAAAACAUCCAUUUC,275,314,TACCACAAGTGTGACAATGAtatactactaCCGTCTATTTAGTGGAGCCGCTGGGtactactactGAAATGGATGTTTTGAGTTC,TACCACAAGTGTGACAATGA,GAAATGGATGTTTTGAGTTC,294-295
HA,3,GCAUUAUAUGUCCAAAUGUCCAGAAAUCCAUCAUCAAC,428,465,GACATTTGGACATATAATGCtatactactaCCGTCTATTTAGTGGAGCCGCTGGGtactactactGTTGATGATGGATTTCTG,GACATTTGGACATATAATGC,GTTGATGATGGATTTCTG,447-448
HA,4,GCUGCAUAGCCUGAUCCCUGUUCAUUCUGAUGAUGA,608,643,GGGATCAGGCTATGCAGCtatactactaCCGTCTATTTAGTGGAGCCGCTGGGtactactactTCATCATCAGAATGAACA,GGGATCAGGCTATGCAGC,TCATCATCAGAATGAACA,625-626
HA,5,GGGGUGUUUGACACUUCGUGUUACACUCAUGCAUUGAUGC,849,888,ACGAAGTGTCAAACACCCCtatactactaCCGTCTATTTAGTGGAGCCGCTGGGtactactactGCATCAATGCATGAGTGTAAC,ACGAAGTGTCAAACACCCC,GCATCAATGCATGAGTGTAAC,867-868
HA,6,GUGUCUCCGGGUUUUAGCAAGGUCCAGUAAUAGUUCAUC,980,1018,TTGCTAAAACCCGGAGACACtatactactaCCGTCTATTTAGTGGAGCCGCTGGGtactactactGATGAACTATTACTGGACC,TTGCTAAAACCCGGAGACAC,GATGAACTATTACTGGACC,999-1000
HA,7,GAUAGAGAUUCUGUUGAUCCUUACUGUUAGACGGGUGAUG,1119,1158,GGATCAACAGAATCTCTATCtatactactaCCGTCTATTTAGTGGAGCCGCTGGGtactactactCATCACCCGTCTAACAGTAA,GGATCAACAGAATCTCTATC,CATCACCCGTCTAACAGTAA,1138-1139
HA,8,UUUCAGCUUUGGGUAUGAGCCCUCCUUCUCCGUCAGC,1210,1246,CTCATACCCAAAGCTGAAAtatactactaCCGTCTATTTAGTGGAGCCGCTGGGtactactactGCTGACGGAGAAGGAGGG,CTCATACCCAAAGCTGAAA,GCTGACGGAGAAGGAGGG,1228-1229
HA,9,CCUCAUAGUCGAUGAAAUCUCCUGGAUAACAUAUUCCAUUC,1395,1435,GATTTCATCGACTATGAGGtatactactaCCGTCTATTTAGTGGAGCCGCTGGGtactactactGAATGGAATATGTTATCCAGGA,GATTTCATCGACTATGAGG,GAATGGAATATGTTATCCAGGA,1413-1414
HA,10,UGUAGGACCAUGAUCUCACUGGAAGCAGUGGGUUGCAUU,1458,1496,GTGAGATCATGGTCCTACAtatactactaCCGTCTATTTAGTGGAGCCGCTGGGtactactactAATGCAACCCACTGCTTCCA,GTGAGATCATGGTCCTACA,AATGCAACCCACTGCTTCCA,1476-1477
NA,1,CGUCUGGCCAAGACCAAUCUACAGUAUCACUAUUCACGCC,61,100,ATTGGTCTTGGCCAGACGtatactactaCCGTCTATTTAGTGGAGCCGCGTGGtactactactGGCGTGAATAGTGATACTGTAG,ATTGGTCTTGGCCAGACG,GGCGTGAATAGTGATACTGTAG,78-79
NA,2,CGGCCUCAUACAGUCUAGCCCUGUCAGCUCAGGAUGUU,179,216,TAGACTGTATGAGGCCGtatactactaCCGTCTATTTAGTGGAGCCGCGTGGtactactactAACATCCTGAGCTGACAGGGC,TAGACTGTATGAGGCCG,AACATCCTGAGCTGACAGGGC,195-196
NA,3,UUGCCUCACAGAGAACUUACUAUCAGUCUCUGUCCAUC,266,303,AGTTCTCTGTGAGGCAAtatactactaCCGTCTATTTAGTGGAGCCGCGTGGtactactactGATGGACAGAGACTGATAGTA,AGTTCTCTGTGAGGCAA,GATGGACAGAGACTGATAGTA,282-283
NA,4,CAUCUCAAACCCAUGUCUGGAACUGUGACCUUUGGUCCU,320,358,CAGACATGGGTTTGAGATGtatactactaCCGTCTATTTAGTGGAGCCGCGTGGtactactactAGGACCAAAGGTCACAGTTC,CAGACATGGGTTTGAGATG,AGGACCAAAGGTCACAGTTC,338-339
NA,5,AGUAAAACAUGAACCAUUUACACAGGCACAUUCAGACUCU,719,758,AATGGTTCATGTTTTACTtatactactaCCGTCTATTTAGTGGAGCCGCGTGGtactactactAGAGTCTGAATGTGCCTGTGTA,AATGGTTCATGTTTTACT,AGAGTCTGAATGTGCCTGTGTA,736-737
NA,6,ACCAAGCAACCGAUUCAAAUCUUGAAUUGUACGGGGAC,901,938,TTTGAATCGGTTGCTTGGTtatactactaCCGTCTATTTAGTGGAGCCGCGTGGtactactactGTCCCCGTACAATTCAAGA,TTTGAATCGGTTGCTTGGT,GTCCCCGTACAATTCAAGA,919-920
NA,7,GAAUGCUUGUCAUUCAGUAAGGCACCUUGGGUCAGAAA,1005,1042,TACTGAATGACAAGCATTCtatactactaCCGTCTATTTAGTGGAGCCGCGTGGtactactactTTTCTGACCCAAGGTGCCT,TACTGAATGACAAGCATTC,TTTCTGACCCAAGGTGCCT,1023-1024
NA,8,CAAAGAGAUGAAUUGCCGGUUAAUAUCACUGAAGUUGUGUCC,1164,1205,CCGGCAATTCATCTCTTTGtatactactaCCGTCTATTTAGTGGAGCCGCGTGGtactactactGGACACAACTTCAGTGATATTAA,CCGGCAATTCATCTCTTTG,GGACACAACTTCAGTGATATTAA,1182-1183
NA,9,CAGUUUGAAUUGAAUGGCUAAUCCAUAUUGAGAUUAUAUUCCC,1273,1315,TAGCCATTCAATTCAAACTGtatactactaCCGTCTATTTAGTGGAGCCGCGTGGtactactactGGGAATATAATCTCAATATGGAT,TAGCCATTCAATTCAAACTG,GGGAATATAATCTCAATATGGAT,1292-1293
NA,10,CGAAAGACACCCAUGGCCGGUUCGAACCAUGCCAA,520,554,CCATGGGTGTCTTTCGtatactactaCCGTCTATTTAGTGGAGCCGCGTGGtactactactTTGGCATGGTTCGAACCGG,CCATGGGTGTCTTTCG,TTGGCATGGTTCGAACCGG,535-536
